,epoch,loss,val_loss
0,1.0,30.543853759765625,139.08392333984375
1,2.0,21.64113998413086,16.79888343811035
2,3.0,17.77823257446289,25.780099868774414
3,4.0,20.705535888671875,13.38939094543457
4,5.0,23.804357528686523,15.182939529418945
5,6.0,17.538002014160156,19.223758697509766
6,7.0,25.590055465698242,15.33757209777832
7,8.0,25.73207664489746,14.670524597167969
8,9.0,17.558958053588867,14.823138236999512
9,10.0,23.854894638061523,16.00185203552246
10,11.0,12.6819486618042,12.994013786315918
11,12.0,11.64598560333252,12.88778305053711
12,13.0,11.123573303222656,12.709346771240234
13,14.0,10.128156661987305,9.081184387207031
14,15.0,8.591829299926758,15.4607515335083
15,16.0,8.131001472473145,5.456898212432861
16,17.0,4.5427985191345215,2.0933263301849365
17,18.0,9.407397270202637,10.109342575073242
18,19.0,4.647711753845215,5.39326286315918
19,20.0,3.7523562908172607,0.7688515782356262
20,21.0,0.9474130272865295,2.076592206954956
21,22.0,5.385054111480713,1.1051087379455566
22,23.0,0.5442100167274475,0.17070993781089783
23,24.0,0.8325839638710022,10.991158485412598
24,25.0,5.4424591064453125,2.707754373550415
25,26.0,5.64086389541626,16.17851448059082
26,27.0,14.580873489379883,10.035516738891602
27,28.0,8.024009704589844,8.211894035339355
28,29.0,6.7962775230407715,6.454610347747803
29,30.0,4.930916786193848,3.757842540740967
30,31.0,2.438046932220459,1.8367130756378174
31,32.0,0.7786308526992798,0.6875059604644775
32,33.0,0.4638710916042328,0.3603375256061554
33,34.0,0.29586759209632874,0.2311622053384781
34,35.0,0.2230120450258255,0.18388107419013977
