,epoch,loss,val_loss
0,1.0,34.0109023824249,0.14130061708715924
1,2.0,0.12655405001125727,0.02973225644803582
2,3.0,1.5681865341101937,8.414950296872247
3,4.0,0.6589202700323396,0.015146689223117134
4,5.0,0.03379426015120434,0.01486586015776001
5,6.0,0.07996322896460221,0.17247546829782254
6,7.0,3.9287258264694613,0.012307740164585489
7,8.0,0.014480152005426716,0.01141029984365301
8,9.0,0.17803296346131633,0.5975273994922898
9,10.0,0.2593155929936073,0.2571358857659426
10,11.0,2.8453624017163284,0.014377821215458815
11,12.0,0.014247874718629979,0.011475191248027006
12,13.0,0.013915464476029387,0.017470186070391604
13,14.0,0.028908550504631796,0.014549386282802721
14,15.0,3.0477323708470494,0.01266777159020388
15,16.0,0.013863736817559294,0.011627574986337496
16,17.0,0.01824729906077322,0.05079581040683875
17,18.0,0.04526044459651145,0.014981036179010875
18,19.0,1.7384300857750685,0.3220491830595424
19,20.0,0.14486368252928142,0.012477248784707884
20,21.0,0.012834487466870553,0.010238047101152375
21,22.0,0.012578585152799759,0.010175810059270747
22,23.0,0.012478970494076156,0.010073682635799627
23,24.0,0.012465954933646956,0.009938434695009579
24,25.0,0.012359017601520379,0.009932101242250102
25,26.0,0.012377620037646227,0.011825994084579279
26,27.0,0.018086258971950105,0.02930061655823685
27,28.0,0.10225315461966394,0.012703378987274723
28,29.0,0.013058877233071142,0.01206124593032399
29,30.0,0.012168524749919436,0.009949213364257341
