,epoch,loss,val_loss
0,1.0,721040203.6064547,94713024.53502077
1,2.0,13230243.390449826,75636247.2540607
