,epoch,loss,val_loss
0,1.0,936919889.4333345,17736842.939654488
1,2.0,14802588.499413228,8515168.019360926
