,epoch,loss,val_loss
0,1.0,245.2794952392578,230.56985473632812
1,2.0,230.67025756835938,233.58058166503906
2,3.0,189.807373046875,184.92030334472656
3,4.0,72.69401550292969,0.007598987780511379
4,5.0,0.08042960613965988,0.30537843704223633
5,6.0,0.12356069684028625,0.00919139664620161
6,7.0,0.6902973651885986,0.008382218889892101
7,8.0,0.23304545879364014,0.16286255419254303
8,9.0,0.4670719504356384,0.8836424946784973
9,10.0,0.027719572186470032,0.011824862100183964
10,11.0,0.02174539305269718,0.009620638564229012
11,12.0,0.032719969749450684,0.011707260273396969
12,13.0,0.0356949158012867,0.011408768594264984
13,14.0,0.04253256320953369,0.0050932876765728
14,15.0,0.03928022086620331,0.013972639106214046
15,16.0,0.009440585039556026,0.003951833583414555
16,17.0,0.009557352401316166,0.005197578109800816
17,18.0,0.010830910876393318,0.04166952148079872
18,19.0,0.010580834001302719,0.013240407221019268
19,20.0,0.011200575157999992,0.010264499112963676
20,21.0,0.0050460235215723515,0.003648042446002364
21,22.0,0.005117514170706272,0.010894308798015118
22,23.0,0.004971103742718697,0.004591424949467182
23,24.0,0.0053376611322164536,0.003735303645953536
24,25.0,0.005167125258594751,0.003630983643233776
25,26.0,0.005350680556148291,0.0035024431999772787
26,27.0,0.00514075206592679,0.003487636800855398
27,28.0,0.003861730918288231,0.0035720064770430326
28,29.0,0.0037640968803316355,0.003618203103542328
29,30.0,0.0038257171399891376,0.004105467349290848
